,Forest area,coal_consumption,fossil_fuel_consumption,gas_consumption,oil_consumption,renewables_consumption,population,co2,methane,nitrous_oxide,gdp
26,0.11016494123134812,0.8565375613587276,0.9039159404066249,0.8609134927095679,0.991429779881948,0.7028274522359736,0.8744613831515431,1.0,0.7425193893129776,0.41328181818181875,0.9384562104108447
27,0.07105146877125179,0.5866932456312586,0.8323444875695861,0.8886710340563657,0.9405617732415155,1.0000000000000002,0.9171004235321418,0.8204094484524087,0.8732951145038168,0.6446636363636369,0.9598569527617464
28,0.03557484431024882,0.5059844688788534,0.8572762979322984,0.9756426029161731,0.9633214252336453,0.975413153881082,0.9606676607101416,0.7838242727484293,1.0000000000000004,0.8533204545454547,1.0
29,9.999999999976694e-05,1.0,0.9999999999999999,1.0000000000000002,1.0,0.8233751755131504,1.0,0.927010635326972,1.0000000000000004,0.8533204545454547,1.0
